{
  "perfumes": [
    {
      "id": 1,
      "nome": "Acqua Di Gio",
      "marca": "Giorgio Armani",
      "nacionalidade": "Itália",
      "img": "https://example.com/acqua_di_gio.jpg",
      "preco": 350.00
    },
    {
      "id": 2,
      "nome": "Light Blue",
      "marca": "Dolce & Gabbana",
      "nacionalidade": "Itália",
      "img": "https://example.com/light_blue.jpg",
      "preco": 300.00
    },
    {
      "id": 3,
      "nome": "CK One",
      "marca": "Calvin Klein",
      "nacionalidade": "Estados Unidos",
      "img": "https://example.com/ck_one.jpg",
      "preco": 250.00
    },
    {
      "id": 4,
      "nome": "La Vie Est Belle",
      "marca": "Lancôme",
      "nacionalidade": "França",
      "img": "https://example.com/la_vie_est_belle.jpg",
      "preco": 420.00
    },
    {
      "id": 5,
      "nome": "Chanel No. 5",
      "marca": "Chanel",
      "nacionalidade": "França",
      "img": "https://example.com/chanel_no5.jpg",
      "preco": 550.00
    }
  ]
}
